{
    "data_source": "Summary of Weather.csv",
    "station_id": 22508,
    "target_variable": "MeanTemp",
    "training_metrics": {
        "MSE": 0.7643164667958086,
        "RMSE": 0.8742519469785632,
        "MAE": 0.6679769068805115,
        "R2 Score": 0.77137236268008
    },
    "test_metrics": {
        "MSE": 0.7245987611781356,
        "RMSE": 0.8512336701388965,
        "MAE": 0.649456597409352,
        "R2 Score": 0.7072411652406274
    },
    "model_config": {
        "lookback": 60,
        "lstm_units": [
            50,
            50
        ],
        "dropout_rate": 0.2,
        "epochs_trained": 40,
        "batch_size": 32,
        "optimizer": "adam",
        "loss_function": "mean_squared_error"
    },
    "data_split": {
        "train_size": 1693,
        "test_size": 379,
        "train_percentage": 80,
        "test_percentage": 20
    }
}